"station_id","station_name","city","longitude","latitude"
"1001A","万寿西宫","北京","116.366","39.8673"
"1002A","定陵","北京","116.17","40.2865"
"1003A","东四","北京","116.434","39.9522"
"1004A","天坛","北京","116.434","39.8745"
"1005A","农展馆","北京","116.473","39.9716"
"1006A","官园","北京","116.361","39.9425"
"1007A","海淀区万柳","北京","116.315","39.9934"
"1008A","顺义新城","北京","116.72","40.1438"
"1009A","怀柔镇","北京","116.644","40.3937"
"1010A","昌平镇","北京","116.23","40.1952"
"1011A","奥体中心","北京","116.407","40.0031"
"1012A","古城","北京","116.225","39.9279"
"1015A","勤俭道","天津","117.145","39.1654"
"1017A","大直沽八号路","天津","117.237","39.1082"
"1018A","前进道","天津","117.202","39.0927"
"1021A","跃进路","天津","117.307","39.0877"
"1023A","第四大街","天津","117.707","39.0343"
"1024A","永明路","天津","117.457","38.8394"
"1026A","汉北路","天津","117.764","39.1587"
"1027A","团泊洼(对照点)","天津","117.157","38.9194"
"1029A","职工医院","石家庄","114.4548","38.0513"
"1030A","高新区","石家庄","114.6046","38.0398"
"1031A","西北水源","石家庄","114.5019","38.1398"
"1032A","西南高教","石家庄","114.4586111","38.00583333"
"1033A","世纪公园","石家庄","114.5330556","38.01777778"
"1037A","雷达站","唐山","118.144","39.643"
"1040A","十二中","唐山","118.1838","39.65782"
"1041A","小山","唐山","118.1997","39.6295"
"1043A","第一关","秦皇岛","119.7624","40.0181"
"1044A","监测站","秦皇岛","119.6023","39.9567"
"1046A","建设大厦","秦皇岛","119.5369","39.9419"
"1048A","东污水处理厂","邯郸","114.5426","36.6164"
"1049A","矿院","邯郸","114.5035","36.5776"
"1050A","丛台公园","邯郸","114.4965","36.61981"
"1051A","游泳馆","保定","115.493","38.8632"
"1053A","接待中心","保定","115.4713","38.9108"
"1055A","胶片厂","保定","115.442","38.8756"
"1056A","监测站","保定","115.5214","38.8707"
"1057A","人民公园","张家口","114.8985","40.8367"
"1060A","世纪豪园","张家口","114.9032","40.7688"
"1061A","北泵房","张家口","114.904","40.8725"
"1063A","中国银行","承德","117.9525","40.9843"
"1064A","开发区","承德","117.963","40.9359"
"1067A","药材公司","廊坊","116.6838","39.5178"
"1068A","开发区","廊坊","116.7729","39.5747"
"1070A","北华航天学院","廊坊","116.7464","39.5343"
"1071A","沧县城建局","沧州","116.8854","38.2991"
"1072A","电视转播站","沧州","116.8584","38.3254"
"1073A","市环保局","沧州","116.8709","38.3228"
"1074A","电机北厂","衡水","115.6951","37.7575"
"1075A","市监测站","衡水","115.6426","37.7379"
"1077A","达活泉","邢台","114.4821","37.0967"
"1079A","路桥公司","邢台","114.5331","37.0964"
"1084A","晋源","太原","112.469","37.7124"
"1088A","南寨","太原","112.549","37.9854"
"1091A","小召","呼和浩特","111.658","40.8033"
"1094A","如意水处理厂","呼和浩特","111.751","40.8369"
"1095A","二十九中","呼和浩特","111.7277","40.8062"
"1096A","工大金川校区","呼和浩特","111.551","40.7866"
"1097A","化肥厂生活区","呼和浩特","111.717","40.7612"
"1099A","浑南东路","沈阳","123.535","41.7561"
"1100A","新秀街","沈阳","123.439","41.7089"
"1102A","东陵路","沈阳","123.542","41.8336"
"1103A","陵东街","沈阳","123.428","41.8472"
"1104A","文化路","沈阳","123.41","41.765"
"1105A","小河沿","沈阳","123.478","41.7775"
"1106A","太原街","沈阳","123.3997","41.7972"
"1108A","京沈街","沈阳","123.3783","41.9228"
"1109A","甘井子","大连","121.6119444","38.97388889"
"1110A","周水子","大连","121.565","38.95111111"
"1111A","星海三站","大连","121.5638889","38.885"
"1112A","青泥洼桥","大连","121.6330556","38.91194444"
"1115A","旅顺","大连","121.2588889","38.80805556"
"1116A","金州","大连","121.7481","39.1311"
"1117A","开发区","大连","121.7769","39.0511"
"1119A","食品厂","长春","125.323","43.9167"
"1120A","客车厂","长春","125.287","43.91"
"1121A","邮电学院","长春","125.2786","43.84"
"1126A","经开区环卫处","长春","125.417","43.8667"
"1128A","岱山公园","长春","125.217","43.85"
"1129A","岭北(对照点)","哈尔滨","126.542","45.755"
"1131A","阿城会宁","哈尔滨","126.979","45.5422"
"1133A","太平宏伟公园","哈尔滨","126.689","45.7733"
"1134A","道外承德广场","哈尔滨","126.635","45.7667"
"1137A","道里建国路","哈尔滨","126.593","45.7478"
"1138A","平房东轻厂","哈尔滨","126.615","45.61"
"1144A","徐汇上师大","上海","121.412","31.1654"
"1145A","杨浦四漂","上海","121.536","31.2659"
"1147A","静安监测站","上海","121.425","31.2261"
"1148A","浦东川沙","上海","121.703","31.1907"
"1149A","浦东新区监测站","上海","121.533","31.2284"
"1150A","浦东张江","上海","121.577","31.2071"
"1152A","草场门","南京","118.749","32.0572"
"1153A","山西路","南京","118.778","32.0723"
"1155A","瑞金路","南京","118.803","32.0314"
"1156A","玄武湖","南京","118.795","32.0775"
"1159A","仙林大学城","南京","118.907","32.105"
"1160A","上方山","苏州","120.561","31.2472"
"1162A","彩香","苏州","120.591","31.3019"
"1163A","轧钢厂","苏州","120.596","31.3264"
"1164A","吴中区","苏州","120.613","31.2703"
"1165A","苏州新区","苏州","120.543","31.2994"
"1166A","苏州工业园区","苏州","120.669","31.3097"
"1167A","相城区","苏州","120.641","31.3708"
"1168A","南郊","南通","120.913","31.96"
"1169A","虹桥","南通","120.86","32.0005"
"1171A","星湖花园","南通","120.94","31.93"
"1172A","紫琅学院","南通","120.81","32.0417"
"1173A","市环境监测站","连云港","119.176","34.5885"
"1177A","黄河新村","徐州","117.167","34.2761"
"1178A","淮塔","徐州","117.1917","34.2328"
"1180A","新城区","徐州","117.256","34.2153"
"1181A","桃园路","徐州","117.2458","34.2908"
"1182A","农科院","徐州","117.2933","34.2778"
"1188A","雪浪","无锡","120.269","31.4867"
"1190A","曹张","无锡","120.294","31.56"
"1195A","堰桥","无锡","120.288","31.6842"
"1196A","市监测站","常州","119.996","31.7586"
"1200A","武进监测站","常州","119.935","31.7039"
"1203A","新区办事处","镇江","119.68","32.1883"
"1204A","职教中心","镇江","119.491","32.215"
"1205A","丹徒区监测站","镇江","119.43","32.1319"
"1206A","公园路","泰州","119.9","32.4867"
"1207A","莲花","泰州","119.9219","32.4611"
"1209A","留学生创业园","泰州","119.888","32.4639"
"1210A","钵池山","淮安","119.036","33.5981"
"1211A","北京南路","淮安","119.007","33.575"
"1212A","市监测站","淮安","118.989","33.6067"
"1213A","楚州区监测站","淮安","119.135","33.5039"
"1214A","淮阴区监测站","淮安","119.0186","33.6297"
"1215A","盐城电厂","盐城","120.118","33.4022"
"1216A","市监测站","盐城","120.156","33.3942"
"1218A","开发区管委会","盐城","120.225","33.3947"
"1220A","宿迁学院","宿迁","118.293","33.9528"
"1221A","宿迁中学","宿迁","118.2442","33.9592"
"1223A","滨江","杭州","120.211","30.21"
"1224A","西溪","杭州","120.063","30.2747"
"1226A","下沙","杭州","120.348","30.3058"
"1227A","卧龙桥","杭州","120.127","30.2456"
"1228A","浙江农大","杭州","120.19","30.2692"
"1230A","和睦小学","杭州","120.12","30.3119"
"1232A","城厢镇","杭州","120.27","30.1819"
"1233A","云栖","杭州","120.088","30.1808"
"1234A","区环保大楼","宁波","121.836","29.9108"
"1235A","万里学院","宁波","121.56","29.8208"
"1239A","钱湖水厂","宁波","121.633","29.7736"
"1241A","市环境监测中心","宁波","121.524","29.8506"
"1242A","瓯海","温州","120.634","28.0089"
"1243A","南浦","温州","120.677","27.9939"
"1244A","龙湾","温州","120.76","27.9747"
"1245A","市站","温州","120.671","28.0167"
"1247A","城东开发委","绍兴","120.605","29.9919"
"1252A","清河小学","嘉兴","120.744","30.7946"
"1253A","嘉兴学院","嘉兴","120.726","30.7478"
"1255A","黄岩环保大楼","台州","121.273","28.6459"
"1256A","台州环保大楼","台州","121.419","28.6542"
"1257A","路桥田洋王","台州","121.377","28.5773"
"1258A","定海檀枫","舟山","122.122","30.0203"
"1259A","普陀东港","舟山","122.3094","29.9558"
"1260A","临城新区","舟山","122.19","29.9944"
"1262A","十五中","金华","119.647","29.077"
"1263A","监测站","金华","119.686","29.1029"
"1264A","环保大楼","衢州","118.871","28.9404"
"1265A","实验学校","衢州","118.871","28.9664"
"1266A","衢州学院","衢州","118.855","28.9745"
"1267A","监测站大楼","丽水","119.914","28.4514"
"1268A","莲都小学","丽水","119.93","28.4586"
"1269A","余庄前","丽水","119.879","28.4231"
"1270A","明珠广场","合肥","117.196","31.7848"
"1271A","三里街","合肥","117.307","31.8766"
"1272A","琥珀山庄","合肥","117.259","31.8706"
"1274A","长江中路","合肥","117.25","31.8572"
"1275A","庐阳区","合肥","117.266","31.9438"
"1276A","瑶海区","合肥","117.336","31.8585"
"1277A","包河区","合肥","117.302","31.7956"
"1278A","滨湖新区","合肥","117.278","31.7386"
"1279A","高新区","合肥","117.124","31.8516"
"1282A","师大","福州","119.303","26.0392"
"1284A","杨桥西路","福州","119.268","26.0797"
"1287A","洪文","厦门","118.1513889","24.47666667"
"1290A","省外办","南昌","115.893","28.6844"
"1291A","省林业公司","南昌","115.8886","28.6839"
"1292A","林科所","南昌","115.813","28.7442"
"1294A","建工学校","南昌","115.852","28.6869"
"1295A","象湖","南昌","115.892","28.6425"
"1296A","武术学校(对照点)","南昌","115.742","28.7994"
"1298A","省站","南昌","115.931","28.6844"
"1300A","农科所","济南","116.93","36.67"
"1303A","省种子仓库","济南","117.0684","36.6868"
"1306A","长清党校","济南","116.7672","36.5464"
"1310A","市南区东部子站","青岛","120.4134","36.0654"
"1311A","四方区子站","青岛","120.3664","36.1032"
"1312A","市南区西部子站","青岛","120.2992","36.0543"
"1313A","崂山区子站","青岛","120.4587","36.0851"
"1314A","黄岛区子站","青岛","120.1964","36.3083"
"1315A","城阳区子站","青岛","120.4001","36.2403"
"1316A","烟厂","郑州","113.6844","34.7622"
"1318A","银行学校","郑州","113.675","34.8019"
"1321A","四十七中","郑州","113.734","34.719"
"1325A","东湖梨园","武汉","114.3672","30.5719"
"1326A","汉阳月湖","武汉","114.2511","30.5514"
"1327A","汉口花桥","武汉","114.2836","30.6197"
"1328A","武昌紫阳","武汉","114.3006","30.5494"
"1329A","青山钢花","武汉","114.4272","30.6103"
"1330A","沌口新区","武汉","114.1525","30.4753"
"1334A","沉湖七壕","武汉","113.8531","30.2997"
"1335A","经开区环保局","长沙","113.0833","28.2325"
"1336A","高开区环保局","长沙","112.8872","28.2189"
"1337A","马坡岭","长沙","113.0792","28.2053"
"1338A","湖南师范大学","长沙","112.9394","28.19"
"1339A","雨花区环保局","长沙","112.9956","28.1442"
"1340A","伍家岭","长沙","112.9792","28.2597"
"1341A","火车新站","长沙","113.0014","28.1944"
"1342A","天心区环保局","长沙","112.9844","28.1178"
"1345A","广雅中学","广州","113.235","23.1422"
"1346A","市五中","广州","113.261","23.105"
"1348A","广东商学院","广州","113.348","23.0916"
"1349A","市八十六中","广州","113.433","23.105"
"1350A","番禺中学","广州","113.352","22.9477"
"1351A","花都师范","广州","113.215","23.3917"
"1352A","市监测站","广州","113.26","23.1331"
"1353A","九龙镇镇龙","广州","113.568","23.2783"
"1354A","麓湖","广州","113.281","23.1569"
"1356A","通心岭子站","深圳","114.1063","22.5545"
"1357A","洪湖","深圳","114.117","22.5625"
"1359A","南海子站","深圳","113.9181","22.5171"
"1360A","盐田","深圳","114.263","22.5908"
"1361A","龙岗","深圳","114.24","22.7267"
"1363A","南澳","深圳","114.494","22.5422"
"1364A","葵涌","深圳","114.41","22.6342"
"1365A","梅沙","深圳","114.297","22.5978"
"1366A","观澜","深圳","114.085","22.75"
"1367A","吉大","珠海","113.574","22.2611"
"1368A","前山","珠海","113.495","22.2294"
"1369A","唐家","珠海","113.628","22.4251"
"1370A","斗门","珠海","113.299","22.2281"
"1371A","湾梁","佛山","113.134","23.0048"
"1372A","华材职中","佛山","113.105","23.0395"
"1373A","南海气象局","佛山","113.144","23.0467"
"1374A","顺德苏岗","佛山","113.292","22.8054"
"1376A","高明孔堂","佛山","112.844","22.8693"
"1377A","三水监测站","佛山","112.885","23.1572"
"1379A","华柏园","中山","113.3769","22.5211"
"1380A","张溪","中山","113.3881","22.5497"
"1381A","紫马岭","中山","113.4075","22.5111"
"1382A","长江旅游区","中山","113.4411","22.4853"
"1383A","北街","江门","113.104","22.6069"
"1384A","西区","江门","113.074","22.5811"
"1385A","圭峰西","江门","113.0219","22.5311"
"1386A","东湖(对照点)","江门","113.0819","22.5931"
"1390A","东城石井","东莞","113.7944444","23.01277778"
"1391A","南城西平","东莞","113.7383333","22.96583333"
"1393A","下埔横江三路子站","惠州","114.4053","23.08"
"1396A","大亚湾管委会子站","惠州","114.5317","22.7422"
"1397A","睦岗子站","肇庆","112.427","23.0706"
"1398A","城中子站","肇庆","112.471","23.0528"
"1399A","坑口子站","肇庆","112.565","23.1617"
"1403A","市监测站","南宁","108.321","22.8225"
"1404A","大自然花园","南宁","108.383","22.805"
"1405A","仙葫","南宁","108.439","22.7906"
"1406A","区农职院","南宁","108.239","22.8464"
"1409A","东寨港","海口","110.576","19.9507"
"1412A","海南师范大学","海口","110.338","19.9969"
"1413A","龙华路环保局宿舍","海口","110.33","20.0356"
"1414A","缙云山（对照点）","重庆","106.379","29.8272"
"1417A","两路","重庆","106.626","29.7228"
"1418A","虎溪","重庆","106.296","29.5983"
"1419A","南坪","重庆","106.54","29.5186"
"1420A","唐家沱","重庆","106.65","29.6219"
"1421A","茶园","重庆","106.634","29.4892"
"1425A","空港","重庆","106.617","29.7125"
"1426A","新山村","重庆","106.468","29.4892"
"1427A","礼嘉","重庆","106.562","29.6453"
"1429A","鱼新街","重庆","106.513","29.389"
"1431A","金泉两河","成都","103.97275","30.72358333"
"1432A","十里店","成都","104.176","30.6872"
"1433A","三瓦窑","成都","104.079","30.5706"
"1434A","沙河铺","成都","104.1113889","30.63"
"1437A","君平街","成都","104.054","30.6578"
"1438A","灵岩寺","成都","103.613","31.0283"
"1439A","马鞍山","贵阳","106.6856","26.6029"
"1440A","市环保站","贵阳","106.6971","26.5689"
"1441A","鉴湖路","贵阳","106.6243","26.6266"
"1442A","燕子冲","贵阳","106.7487","26.6343"
"1443A","碧云窝","贵阳","106.6554","26.4364"
"1444A","中院村","贵阳","106.6948","26.5155"
"1446A","新华路","贵阳","106.7164","26.5697"
"1447A","太慈桥","贵阳","106.6867","26.5495"
"1450A","呈贡新区","昆明","102.821","24.8885"
"1451A","西山森林公园(对照点)","昆明","102.625","24.9624"
"1452A","龙泉镇","昆明","102.728","25.0836"
"1453A","东风东路","昆明","102.722","25.0405"
"1454A","金鼎山","昆明","102.681","25.067"
"1457A","市环保局","拉萨","91.1221","29.6747"
"1459A","西藏大学","拉萨","91.1774","29.6541"
"1462A","高压开关厂","西安","108.882","34.2749"
"1463A","兴庆小区","西安","108.993","34.2629"
"1464A","纺织城","西安","109.06","34.2572"
"1465A","小寨","西安","108.94","34.2324"
"1466A","市人民体育场","西安","108.954","34.2713"
"1467A","高新西区","西安","108.883","34.2303"
"1468A","经开区","西安","108.935","34.3474"
"1469A","长安区","西安","108.906","34.1546"
"1471A","临潼区","西安","109.2186","34.3731"
"1473A","曲江文化产业集团","西安","108.985","34.1978"
"1474A","广运潭","西安","109.043","34.3274"
"1476A","兰炼宾馆","兰州","103.631","36.1031"
"1478A","生物制品所","兰州","103.841","36.0725"
"1479A","铁路设计院","兰州","103.831","36.0464"
"1484A","贺兰山马莲口(对照点)","银川","105.9512","38.6016"
"1488A","贺兰山东路","银川","106.2328","38.4975"
"1489A","学院路","银川","106.1358","38.5036"
"1491A","收费所","乌鲁木齐","87.6046","43.768"
"1493A","铁路局","乌鲁木齐","87.5525","43.8711"
"1496A","米东区环保局","乌鲁木齐","87.6444","43.962"
"1508A","板塘","湘潭","112.9433","27.8614"
"1512A","江麓","湘潭","112.8937","27.8728"
"1514A","科大","湘潭","112.9074","27.9119"
"1524A","市监测站","株洲","113.13","27.8528"
"1559A","大京风景区","株洲","113.251","27.8336"
"1562A","昭山","湘潭","113.0048","27.9153"
"1564A","韶山","湘潭","112.4876","27.9164"
"1585A","市环境监测站","包头","109.8756","40.6532"
"1587A","东河城环局","包头","110.0067","40.5905"
"1588A","青山宾馆","包头","109.8538","40.6821"
"1589A","惠龙物流","包头","109.8654","40.6288"
"1590A","东河鸿龙湾","包头","110.0377","40.5546"
"1591A","综合楼","鄂尔多斯","110.0023","39.8129"
"1592A","巴音孟克林场办事处","鄂尔多斯","109.9486","39.8261"
"1594A","华泰汽车城","鄂尔多斯","109.8119","39.5989"
"1595A","奥林花园","鄂尔多斯","109.9734","39.7884"
"1597A","大庆路","营口","122.2703","40.7094"
"1598A","镜湖西路","营口","122.215","40.6511"
"1600A","江湾东路","丹东","124.3303","40.0625"
"1601A","临江后街","丹东","124.4256","40.1503"
"1602A","元宝山","丹东","124.3933","40.1461"
"1603A","民主桥","丹东","124.3678","40.1194"
"1604A","开发区","盘锦","122.0247","41.1556"
"1605A","兴隆台","盘锦","122.0539","41.0903"
"1607A","龙港区","葫芦岛","120.9092","40.7136"
"1608A","化工街","葫芦岛","120.8392","40.7514"
"1609A","新区","葫芦岛","120.8478","40.715"
"1610A","东城区","葫芦岛","120.8631","40.7736"
"1612A","津头埔","泉州","118.5972","24.8978"
"1613A","万安","泉州","118.6663","24.9424"
"1618A","沂河小区","临沂","118.3418","35.0573"
"1619A","鲁南制药厂","临沂","118.295","35.0583"
"1620A","新光毛纺厂","临沂","118.2764","34.9817"
"1621A","河东保险公司","临沂","118.4023","35.0896"
"1622A","儿童乐园","德州","116.3061","37.4664"
"1625A","区政府","聊城","115.9848","36.4372"
"1630A","北中新校","滨州","117.9776","37.393"
"1631A","人民公园","淄博","118.0482","36.8088"
"1633A","双山","淄博","117.8477","36.497"
"1634A","气象站","淄博","117.9544","36.6377"
"1635A","莆田园","淄博","118.3092","36.8198"
"1637A","市中区政府","枣庄","117.5564","34.864"
"1638A","薛城环保局","枣庄","117.2852","34.7837"
"1639A","峄城区政府","枣庄","117.5852","34.7745"
"1640A","台儿庄区环保局","枣庄","117.732","34.5667"
"1641A","山亭区环保局","枣庄","117.4518","35.0992"
"1642A","开发区","烟台","121.2514","37.5639"
"1645A","莱山环保局","烟台","121.4478","37.4822"
"1646A","福山环保局","烟台","121.2611","37.4967"
"1650A","环保局","潍坊","119.1425","36.7008"
"1655A","电化厂","济宁","116.5546","35.4039"
"1656A","监测站","泰安","117.1436","36.1942"
"1657A","人口学校","泰安","117.0881","36.1942"
"1659A","监测站","日照","119.4641","35.4178"
"1660A","市政府广场","日照","119.5198","35.4234"
"1661A","港务局","日照","119.54","35.3962"
"1662A","华夏技校","威海","122.1206","37.4294"
"1669A","市八中","韶关","113.586606","24.769519"
"1671A","园林处","韶关","113.598061","24.795928"
"1672A","韶关学院","韶关","113.6734722","24.77908333"
"1673A","曲江监测站","韶关","113.5970833","24.68636111"
"1674A","金平子站","汕头","116.6794","23.3667"
"1675A","龙湖子站","汕头","116.7244","23.3633"
"1676A","濠江子站","汕头","116.7258","23.2775"
"1677A","澄海子站","汕头","116.7519","23.4714"
"1678A","潮阳子站","汕头","116.6092","23.2539"
"1680A","湛江影剧院","湛江","110.3539","21.2706"
"1681A","市环境监测站","湛江","110.3928","21.2228"
"1682A","环保局宿舍","湛江","110.4019","21.1997"
"1683A","霞山游泳场","湛江","110.4111","21.2028"
"1684A","麻章区环保局","湛江","110.3316","21.2679"
"1685A","坡头区环保局","湛江","110.4558","21.2567"
"1686A","市环保局茂港分局","茂名","111.0286","21.4689"
"1687A","茂石化七小","茂名","110.9294","21.6533"
"1688A","健康路","茂名","110.9067","21.6669"
"1690A","嘉应大学","梅州","116.1278","24.3289"
"1691A","梅县新城","梅州","116.0797","24.2719"
"1692A","环境监控中心","梅州","116.1248","24.2654"
"1693A","市环保局","汕尾","115.3653","22.775"
"1694A","市政府","汕尾","115.3706","22.7898"
"1695A","新城中学","汕尾","115.3622","22.7925"
"1697A","东埔","河源","114.6944","23.7586"
"1698A","老城","河源","114.6892","23.7233"
"1701A","马南垌","阳江","111.9494","21.865"
"1703A","凤城街办","清远","113.0208","23.7106"
"1705A","西园路","潮州","116.6339","23.6714"
"1706A","档案局","潮州","116.6447","23.6706"
"1708A","新兴","揭阳","116.3697","23.5353"
"1709A","西马","揭阳","116.3242","23.5486"
"1710A","东兴","揭阳","116.3594","23.5739"
"1711A","渔湖","揭阳","116.4094","23.5292"
"1714A","牧羊","云浮","112.0539","22.9539"
"1715A","东风水库","玉溪","102.5778","24.3694"
"1718A","市气象局","菏泽","115.42277","35.248889"
"1719A","市政协","菏泽","115.474722","35.2375"
"1723A","云冈宾馆","大同","113.2994","40.0758"
"1724A","大同大学","大同","113.3444","40.0917"
"1725A","安家小村","大同","113.2661","40.1269"
"1726A","教育学院","大同","113.2711","40.0844"
"1728A","监测站","长治","113.0972","36.1939"
"1730A","审计局","长治","113.0886","36.2126"
"1731A","长治八中","长治","113.0844444","36.1855"
"1733A","临钢医院","临汾","111.5531","36.0783"
"1736A","市委","临汾","111.5025","36.0875"
"1738A","市中心","阳泉","113.5753","37.8564"
"1739A","赛鱼","阳泉","113.4922","37.8792"
"1740A","南庄","阳泉","113.5922","37.8561"
"1742A","平坦","阳泉","113.5689","37.8694"
"1743A","大阳泉","阳泉","113.5158","37.85"
"1744A","松山一中","赤峰","118.9233","42.2814"
"1745A","哈达街","赤峰","118.9572","42.2725"
"1746A","天义路","赤峰","118.8789","42.2556"
"1748A","深沟寺","鞍山","123.044","41.1196"
"1749A","太阳城","鞍山","123.011","41.0931"
"1750A","太平","鞍山","123.0485","41.1442"
"1751A","铁西三道街","鞍山","122.9642","41.0971"
"1752A","铁西工业园区","鞍山","122.9481","41.0833"
"1753A","明达新区","鞍山","123.0156","41.0831"
"1755A","望花区","抚顺","123.81","41.8469"
"1757A","东洲区","抚顺","124.0383","41.8625"
"1759A","大伙房水库","抚顺","124.0878","41.8864"
"1761A","大峪","本溪","123.8436","41.3283"
"1762A","溪湖","本溪","123.7528","41.3369"
"1763A","彩屯","本溪","123.7308","41.3047"
"1764A","东明","本溪","123.7669","41.2864"
"1765A","新立屯","本溪","123.7989","41.2692"
"1767A","南山","锦州","121.0986","41.0781"
"1768A","开发区","锦州","121.045","40.8333"
"1769A","百股街道","锦州","121.2008","41.1219"
"1770A","天安街道","锦州","121.1178","41.1222"
"1772A","哈达湾","吉林","126.555","43.8875"
"1773A","东局子","吉林","126.5844","43.8358"
"1775A","江北","吉林","126.5786","43.8947"
"1776A","江南公园","吉林","126.55","43.8256"
"1779A","安居小区","齐齐哈尔","123.9305","47.3636"
"1780A","中心广场","齐齐哈尔","123.9305","47.3386"
"1781A","农牧车辆厂","齐齐哈尔","123.9483","47.3227"
"1783A","市环境监测站","齐齐哈尔","123.945","47.2988"
"1785A","文化广场　","牡丹江","129.6115","44.5782"
"1787A","机车工厂","牡丹江","129.6459","44.6104"
"1788A","第一中学","牡丹江","129.6386","44.5462"
"1791A","红岗区","大庆","124.8847","46.3991"
"1794A","监测站","芜湖","118.3528","31.3508"
"1795A","科创中心","芜湖","118.37","31.4189"
"1796A","四水厂","芜湖","118.3667","31.3139"
"1798A","湖东路四小","马鞍山","118.5058","31.6861"
"1799A","天平服装","马鞍山","118.4828","31.6411"
"1800A","慈湖二小","马鞍山","118.5106","31.7506"
"1802A","市教育基地","马鞍山","118.6439","31.7133"
"1803A","十里","九江","115.9872","29.6816"
"1804A","茅山头","九江","115.9581","29.7048"
"1805A","西园","九江","115.988","29.7292"
"1806A","五七二七厂","九江","116.0174","29.6535"
"1808A","综合工业园","九江","115.9114","29.6039"
"1809A","石化总厂","九江","116.0726","29.7534"
"1810A","庐山气象台(对照点)","九江","115.9936","29.5867"
"1812A","市委党校","洛阳","112.3939","34.6511"
"1814A","豫西宾馆","洛阳","112.4664","34.6869"
"1815A","河南林校","洛阳","112.4831","34.6869"
"1816A","开发区管委会","洛阳","112.3844","34.6231"
"1817A","市委新办公区","洛阳","112.4275","34.6258"
"1819A","红庙街","安阳","114.32","36.086"
"1820A","银杏小区","安阳","114.358","36.087"
"1826A","世纪星幼儿园","开封","114.2886","34.7967"
"1828A","市环保局","焦作","113.227","35.213"
"1834A","平顶山工学院","平顶山","113.182","33.737"
"1835A","市政府","三门峡","111.1928","34.7772"
"1836A","开发区","三门峡","111.158","34.794"
"1841A","伍家岗","宜昌","111.3549","30.6463"
"1842A","点军区","宜昌","111.268","30.696"
"1843A","夷陵区","宜昌","111.3296","30.7819"
"1844A","市图书馆","荆州","112.2551","30.3175"
"1845A","市委党校","荆州","112.2068","30.3515"
"1847A","南湖风景区","岳阳","113.1094","29.3578"
"1848A","城陵矶","岳阳","113.1493","29.4251"
"1849A","开发区","岳阳","113.1772","29.3678"
"1850A","云溪区","岳阳","113.2621","29.4758"
"1851A","君山区","岳阳","112.9943","29.4402"
"1852A","金凤水库","岳阳","113.2117","29.355"
"1857A","白鹤山","常德","111.7158","29.1456"
"1858A","永定新区","张家界","110.48","29.1389"
"1860A","未央路","张家界","110.5594","29.3547"
"1862A","电子科大尧山校区","桂林","110.4144","25.3167"
"1863A","监测站","桂林","110.2819","25.2697"
"1864A","龙隐路小学","桂林","110.3089","25.2708"
"1867A","海滩公园","北海","109.1436","21.4086"
"1868A","新市环保局","北海","109.0981","21.4661"
"1869A","北海工业园","北海","109.1778","21.5233"
"1870A","柳东小学","柳州","109.4883","24.3898"
"1871A","环保监测站","柳州","109.4108","24.3304"
"1872A","河西水厂","柳州","109.3886","24.3406"
"1873A","市四中","柳州","109.4221","24.299"
"1874A","市九中","柳州","109.3957","24.3663"
"1875A","古亭山","柳州","109.4839","24.3158"
"1876A","河东子站","三亚","109.5078","18.2489"
"1877A","河西子站","三亚","109.4964","18.2681"
"1879A","市人大","绵阳","104.7536","31.4539"
"1880A","高新区自来水公司","绵阳","104.6717","31.4656"
"1881A","三水厂","绵阳","104.7283","31.5072"
"1882A","石马中学","宜宾","104.5969","28.8194"
"1883A","市委","宜宾","104.6225","28.76611"
"1884A","宜宾四中","宜宾","104.6061","28.7867"
"1885A","市政府","宜宾","104.6417","28.76389"
"1886A","黄金嘴","宜宾","104.5761","28.71583"
"1888A","弄弄坪","攀枝花","101.68912","26.57098"
"1889A","河门口","攀枝花","101.5769","26.5928"
"1890A","炳草岗","攀枝花","101.7169","26.585"
"1891A","仁和","攀枝花","101.7453","26.5017"
"1893A","九狮山","泸州","105.4306","28.9583"
"1894A","小市上码头","泸州","105.4436","28.9026"
"1895A","兰田宪桥","泸州","105.4322","28.8558"
"1896A","市环监站","泸州","105.4322","28.8833"
"1901A","东山公园","德阳","104.4219","31.1208"
"1902A","西小区","德阳","104.3883","31.1333"
"1904A","耐火材料厂","德阳","104.3539","31.1108"
"1905A","西山风景区","南充","106.056","30.8064"
"1906A","南充市委","南充","106.0789","30.8023"
"1907A","南充炼油厂","南充","106.1031","30.8217"
"1908A","高坪区监测站","南充","106.1064","30.7856"
"1909A","嘉陵区环保局","南充","106.0642","30.7636"
"1910A","市环境监测站","南充","106.1087","30.8388"
"1911A","丁字口","遵义","106.9222","27.6869"
"1912A","凤凰山","遵义","106.9242","27.7019"
"1913A","忠庄","遵义","106.8906","27.6486"
"1915A","干田坝","遵义","106.9178","27.72"
"1916A","环境监测站","曲靖","103.7897","25.5035"
"1917A","烟厂办公区","曲靖","103.8","25.5364"
"1918A","气象站(对照点)","咸阳","108.7197","34.3956"
"1919A","中华小区","咸阳","108.6761","34.3181"
"1920A","师范学院","咸阳","108.7233","34.3617"
"1922A","党校","铜川","109.0656","35.0994"
"1923A","王益区政府","铜川","109.0697","35.0697"
"1924A","新区管委会","铜川","108.9344","34.9058"
"1930A","庙沟村","宝鸡","107.1586","34.3708"
"1931A","竹园沟","宝鸡","107.0708","34.3017"
"1933A","监测站","宝鸡","107.1431","34.3547"
"1939A","日报社","渭南","109.5049","34.5004"
"1940A","体育馆","渭南","109.4636","34.493"
"1941A","高新一小","渭南","109.4266","34.5021"
"1943A","新川苑","金昌","102.1725","38.5339"
"1944A","公司二招","金昌","102.1708","38.5061"
"1945A","气象局","嘉峪关","98.2908","39.7711"
"1947A","沙湖旅游区","石嘴山","106.3394","38.817"
"1948A","大武口黄河东街","石嘴山","106.3717","39.0153"
"1949A","惠农南大街","石嘴山","106.7704","39.2282"
"1951A","长征新村","克拉玛依","84.8861","45.6033"
"1952A","南林小区","克拉玛依","84.8897","45.5828"
"1954A","独山子区","克拉玛依","84.8983","44.3336"
"1955A","乌尔禾区商贸楼","克拉玛依","85.6931","46.0872"
"1958A","经济开发区","库尔勒","86.2381","41.7128"
"1961A","东山小学(新增191218)","章丘","117.541","36.71"
"2054A","平桥分局","信阳","114.1044","32.1078"
"2064A","南湾水厂","信阳","114.0122","32.1403"
"2065A","市酿酒公司","信阳","114.0681","32.1342"
"2066A","审计局","信阳","114.0614","32.1383"
"2067A","市环境监测站","周口","114.6613","33.6128"
"2068A","周口师范","周口","114.6758","33.6347"
"2069A","市运管处","周口","114.6546","33.5979"
"2070A","川汇区环保局","周口","114.6369","33.6406"
"2160A","自来水公司","晋城","112.85","35.5051"
"2161A","白云商贸","晋城","112.835","35.4934"
"2162A","市环保局","晋城","112.8564","35.4883"
"2163A","技术学院","晋城","112.8664","35.4894"
"2166A","平朔","朔州","112.44","39.3514"
"2167A","朔唯","朔州","112.4549","39.3606"
"2168A","区政府","朔州","112.4254","39.3179"
"2169A","市环保局","朔州","112.4078","39.3265"
"2171A","锦纶小区","晋中","112.7549","37.7019"
"2174A","榆次区政府","晋中","112.7105","37.7087"
"2175A","运城中学","运城","110.9956","35.0147"
"2178A","地区技校","运城","110.9678","35.0308"
"2181A","开发区","忻州","112.7383","38.4519"
"2182A","会展中心","忻州","112.7003","38.4928"
"2183A","环保局","吕梁","111.1406","37.5211"
"2187A","市林业局","乌海","106.8089","39.6969"
"2188A","中海勃湾学校","乌海","106.7931","39.6572"
"2191A","艺术职业学校","通辽","122.2532","43.6801"
"2192A","区环保局","呼伦贝尔","119.7594","49.2261"
"2195A","附中","巴彦淖尔","107.4211","40.7608"
"2196A","市环保大楼","巴彦淖尔","107.3715","40.7378"
"2197A","集宁新区","乌兰察布","113.1306","40.9923"
"2200A","胜华新制药厂","兴安盟","122.0506","46.0703"
"2201A","科右前旗环保局","兴安盟","121.9462","46.0756"
"2204A","体育场","阿拉善盟","105.6775","38.8343"
"2205A","盟环保楼","阿拉善盟","105.6975","38.843"
"2206A","环保局新楼","阿拉善盟","105.724","38.8516"
"2207A","工业园区","阜新","121.6178","41.9967"
"2208A","长青街","阜新","121.6561","42.0186"
"2209A","农业园区","阜新","121.6972","42.0503"
"2210A","东苑","阜新","121.6722","42.0228"
"2211A","玉龙新城","阜新","121.6592","42.0486"
"2212A","宏伟区","辽阳","123.2","41.1953"
"2213A","新华园","辽阳","123.15","41.2553"
"2214A","滨河路","辽阳","123.1761","41.2736"
"2215A","铁西工业园","辽阳","123.1417","41.2894"
"2216A","汇工街西","铁岭","123.8139","42.3022"
"2218A","银州路东段","铁岭","123.8489","42.2864"
"2219A","金沙江路北","铁岭","123.7153","42.2217"
"2221A","河畔小区","朝阳","120.4486","41.5672"
"2222A","八里堡","朝阳","120.4247","41.5647"
"2223A","农业园区","朝阳","120.3939","41.615"
"2225A","一商场","四平","124.3711","43.1594"
"2226A","境园","四平","124.3897","43.1847"
"2227A","环保局","辽源","125.1358","42.8947"
"2229A","光明","通化","125.9361","41.7156"
"2230A","铁路","通化","125.9486","41.7381"
"2231A","喜丰","白山","126.4047","41.9206"
"2232A","环保局","白山","126.4078","41.9419"
"2236A","市环保局","白城","122.8211","45.6175"
"2237A","妇幼医院","延边州","129.4892","42.8939"
"2239A","朝阳川镇医院","延边州","129.3675","42.8775"
"2240A","环保局","鸡西","130.962","45.2924"
"2243A","气象局(对照点)","鸡西","130.9298","45.2978"
"2244A","哈啤分公司","鹤岗","130.2659","47.3349"
"2245A","斯达机电","鹤岗","130.261","47.2753"
"2248A","双合村","双鸭山","131.1638","46.6572"
"2249A","南小市","双鸭山","131.1651","46.619"
"2250A","环保局","双鸭山","131.1516","46.6462"
"2252A","中心医院","伊春","128.8736","47.7222"
"2253A","林管局","伊春","128.9094","47.7317"
"2255A","佳纺","佳木斯","130.2719","46.8025"
"2258A","十一中","佳木斯","130.3648","46.8032"
"2259A","四丰","佳木斯","130.3794","46.7588"
"2264A","党校","黑河","127.5044","50.2391"
"2266A","人和东街","绥化","126.9934","46.6384"
"2269A","公安局","大兴安岭地区","124.1303","50.4217"
"2270A","工人疗养院","蚌埠","117.3961","32.939"
"2271A","百货大楼","蚌埠","117.3605","32.9427"
"2273A","蚌埠学院","蚌埠","117.4186","32.8913"
"2274A","淮上区政府","蚌埠","117.3536","32.9673"
"2275A","高新区","蚌埠","117.3065","32.8985"
"2277A","潘集区政府","淮南","116.8028","32.7639"
"2278A","师范学院","淮南","117.0083","32.645"
"2279A","谢家集区政府","淮南","116.8556","32.6028"
"2280A","八公山区政府","淮南","116.8306","32.6319"
"2281A","焦岗湖风景区管理处","淮南","116.7039","32.625"
"2282A","监测站","淮北","116.8008","33.975"
"2283A","烈山区政府","淮北","116.8067","33.8997"
"2284A","职业技术学院","淮北","116.7844","33.9461"
"2285A","市第四中学","铜陵","117.8178","30.9414"
"2286A","市公路局","铜陵","117.8078","30.9222"
"2288A","市第九中学","铜陵","117.7442","30.8811"
"2289A","车站新区","铜陵","117.8561","30.9219"
"2290A","市职教基地","铜陵","117.8472","30.9697"
"2291A","环科院","安庆","117.0549","30.5103"
"2292A","马山宾馆","安庆","117.0331","30.512"
"2294A","安庆大学(191227更为评价点)","安庆","116.9896","30.6145"
"2295A","延安路89号","黄山","118.3057","29.7128"
"2296A","黄山东路89号","黄山","118.3236","29.7207"
"2297A","黄山区政府5号楼","黄山","118.1371","30.2756"
"2298A","老年大学","滁州","118.3094","32.3153"
"2299A","人大宾馆","滁州","118.3244","32.2786"
"2301A","市监测站","阜阳","115.8275","32.8928"
"2303A","开发区","阜阳","115.8556","32.8603"
"2307A","监测大楼","六安","116.508","31.7371"
"2308A","皖西学院","六安","116.478","31.7618"
"2309A","朝阳厂","六安","116.5068","31.7797"
"2310A","开发区","六安","116.5661","31.7712"
"2311A","污水处理厂","亳州","115.8067","33.8399"
"2312A","三国揽胜宫","亳州","115.7831","33.8561"
"2314A","池州学院","池州","117.4697","30.6617"
"2316A","鳌峰子站","宣城","118.7581","30.9447"
"2317A","敬亭山子站","宣城","118.7386","30.9742"
"2318A","开发区子站","宣城","118.7175","30.9431"
"2320A","莆田市监测站","莆田","119.0018","25.4552"
"2322A","秀屿区政府","莆田","119.1015","25.3214"
"2324A","三钢","三明","117.6211","26.2625"
"2325A","三明二中","三明","117.6353","26.2708"
"2326A","三元区政府","三明","117.6028","26.2378"
"2332A","南平市监测站","南平","118.1694","26.6383"
"2333A","南平铝业有限公司","南平","118.1819","26.6514"
"2334A","南平七中","南平","118.1756","26.6272"
"2336A","龙岩市监测站","龙岩","117.0216","25.1035"
"2337A","闽西职业技术学院","龙岩","117.0256","25.0661"
"2338A","龙岩学院","龙岩","117.0151","25.0311"
"2341A","宁德市监测站","宁德","119.5392","26.6611"
"2342A","王岗中学","景德镇","117.3097","29.3864"
"2343A","老干部活动中心","景德镇","117.2111","29.2958"
"2344A","兽医站","景德镇","117.1983","29.2786"
"2345A","台达陶瓷","景德镇","117.1558","29.2647"
"2346A","陶研所","景德镇","117.2461","29.2956"
"2348A","中医院","萍乡","113.8381","27.6428"
"2349A","市政府车库","萍乡","113.8447","27.6231"
"2350A","市环保局","萍乡","113.8686","27.6442"
"2351A","安源区政府","萍乡","113.865","27.6178"
"2353A","飞宇","新余","114.9831","27.8344"
"2354A","第二水厂","新余","114.9289","27.8328"
"2355A","市气象局","新余","114.9314","27.8036"
"2358A","新监测站","鹰潭","117.0564","28.2642"
"2360A","体育馆","鹰潭","117.0222","28.2264"
"2361A","三川水表","鹰潭","116.9983","28.2169"
"2363A","地委","赣州","114.9367","25.8664"
"2364A","气象台","赣州","114.9461","25.8481"
"2365A","市图书馆","赣州","114.9322","25.8333"
"2366A","华坚鞋城","赣州","114.8905","25.8471"
"2367A","红声器材厂","吉安","114.9817","27.0658"
"2368A","市森林工业局","吉安","114.9739","27.11"
"2369A","市环境监测站","吉安","114.99","27.1311"
"2370A","青原区法院","吉安","115.0075","27.0983"
"2373A","市石油公司","宜春","114.3953","27.7842"
"2374A","市气象局","宜春","114.3703","27.7914"
"2375A","市广电局","宜春","114.4011","27.8072"
"2376A","桐源党溪","抚州","116.2239","28.0797"
"2377A","市站","抚州","116.3553","27.9883"
"2378A","血防站","抚州","116.3598","27.9639"
"2379A","采茶剧团","抚州","116.3574","28.0005"
"2380A","医学分院","抚州","116.385","27.9647"
"2382A","市监测站","上饶","117.973","28.4459"
"2383A","凤凰光学","上饶","117.9511","28.4622"
"2385A","市监测站","鹤壁","114.17","35.9019"
"2386A","市交警支队","鹤壁","114.2956","35.7511"
"2389A","环保西院","新乡","113.836","35.31"
"2390A","开发区","新乡","113.884","35.272"
"2391A","环保东院","新乡","113.883","35.303"
"2392A","环保局","濮阳","115.031","35.763"
"2395A","油田物探公司","濮阳","115.0772","35.767"
"2396A","监测站","许昌","113.8331","34.0117"
"2398A","开发区","许昌","113.7906","33.9953"
"2399A","三五一五工厂","漯河","114.056","33.567"
"2400A","漯河大学","漯河","114.005","33.568"
"2401A","水利局","漯河","114.014","33.581"
"2402A","广电局","漯河","114.0322","33.5653"
"2403A","环保局","南阳","112.5192","32.9917"
"2404A","瓦房庄","南阳","112.5224","33.0122"
"2406A","气象站","南阳","112.5573","33.027"
"2407A","理工学院","南阳","112.5481","32.9689"
"2408A","环境监测站","商丘","115.6697","34.4286"
"2409A","粮食局","商丘","115.6558","34.429"
"2410A","睢阳区环保局","商丘","115.6386","34.407"
"2420A","市一纸厂　","驻马店","114.018","32.965"
"2421A","市彩印厂　","驻马店","114.0131","33.0069"
"2422A","天方二分厂　","驻马店","113.996","32.996"
"2423A","沈家营","黄石","115.0625","30.2352"
"2429A","滨河新村","十堰","110.78","32.6494"
"2430A","刘家沟","十堰","110.7258","32.6389"
"2431A","铁二处","十堰","110.8839","32.5714"
"2432A","襄城运动路","襄阳","112.155","32.0197"
"2433A","樊城新华路","襄阳","112.1392","32.0564"
"2434A","高新管委会","襄阳","112.1825","32.1142"
"2435A","襄州航空路","襄阳","112.2106","32.0903"
"2436A","市政府","鄂州","114.8878","30.3944"
"2437A","赵家坝","鄂州","114.8989","30.3714"
"2439A","竹园小学","荆门","112.2014","31.0483"
"2440A","掇刀","荆门","112.1969","30.9892"
"2441A","石化一小","荆门","112.2211","31.0386"
"2443A","文化路","孝感","113.9153","30.9285"
"2444A","东城区","孝感","113.942","30.9075"
"2446A","职工中心","黄冈","114.9028","30.4742"
"2447A","森林公园(对照点)","咸宁","114.329","29.8175"
"2448A","市发改委","咸宁","114.3231","29.8211"
"2449A","咸安区政府","咸宁","114.2894","29.8539"
"2451A","市委党校","随州","113.3583","31.7275"
"2452A","市林业局","随州","113.3833","31.6908"
"2453A","市立交桥水厂","随州","113.3983","31.7308"
"2454A","湖北民院","恩施州","109.5039","30.2989"
"2455A","州电力总公司","恩施州","109.4689","30.2819"
"2460A","市监测站","衡阳","112.6006","26.8919"
"2462A","市水土所","邵阳","111.5239","27.3033"
"2464A","市化工厂","邵阳","111.4908","27.2582"
"2465A","市罐头厂","邵阳","111.4503","27.2537"
"2466A","市环保局","邵阳","111.4328","27.2272"
"2467A","甘溪港","益阳","112.4067","28.6428"
"2468A","市环保局","益阳","112.3458","28.5808"
"2469A","市特殊教育学校","益阳","112.3439","28.56"
"2471A","赫山环保分局","益阳","112.3744","28.5819"
"2472A","马头岭","郴州","113.0073","25.9061"
"2473A","市职中","郴州","113.0116","25.8226"
"2474A","兴隆步行街","郴州","113.0119","25.8179"
"2475A","市审计局","郴州","113.0383","25.8071"
"2476A","市环保局","郴州","113.0348","25.7759"
"2477A","零陵南津渡","永州","111.6217","26.2081"
"2478A","市环境监测站","永州","111.6156","26.4214"
"2479A","零陵区环保局","永州","111.6236","26.2331"
"2481A","冷水滩区环保局","永州","111.5989","26.4519"
"2482A","林科所","怀化","109.9333","27.5733"
"2483A","河西地税局","怀化","109.9453","27.5444"
"2484A","市四医院","怀化","109.9792","27.5342"
"2485A","监测楼","怀化","109.9972","27.5578"
"2486A","市委党校","怀化","110.0394","27.583"
"2489A","市委党校","娄底","112.0194","27.7314"
"2490A","涟钢","娄底","111.9561","27.7569"
"2491A","市政府","娄底","111.9892","27.7044"
"2493A","州政府","湘西","109.7325","28.3169"
"2494A","吉首市计生局","湘西","109.6958","28.2675"
"2495A","市环保","梧州","111.2897","23.4792"
"2496A","云盖小学","梧州","111.3178","23.475"
"2497A","龙圩","梧州","111.2353","23.415"
"2498A","龙新","梧州","111.26","23.4794"
"2499A","沙万","防城港","108.3411","21.6158"
"2500A","防城镇政府","防城港","108.3511","21.7631"
"2501A","大海花园","防城港","108.3506","21.6414"
"2502A","市环保站","钦州","108.6236","21.9667"
"2503A","市农科院","钦州","108.6553","21.9508"
"2504A","港区一小","钦州","108.5989","21.7431"
"2506A","江南子站　","贵港","109.6042","23.0672"
"2507A","贵城子站","贵港","109.6014","23.0944"
"2508A","荷城子站","贵港","109.5683","23.1036"
"2509A","寒山水库","玉林","110.1106","22.7019"
"2510A","市监测站","玉林","110.1675","22.6411"
"2511A","南江一中","玉林","110.1433","22.6164"
"2512A","市监测站","百色","106.6103","23.9011"
"2513A","市中心血站","百色","106.6527","23.8844"
"2514A","环保小区","贺州","111.5269","24.4175"
"2515A","政协大楼","贺州","111.5622","24.4072"
"2517A","市环保站","河池","108.054","24.6928"
"2518A","市疾控中心","河池","108.1009","24.6967"
"2520A","来冶招待所","来宾","109.2317","23.7369"
"2521A","市环保局江州分局","崇左","107.3476","22.4137"
"2522A","城南新区","崇左","107.3701","22.3708"
"2523A","黑石坡","广元","105.8945","32.4535"
"2524A","老城","广元","105.8242","32.4429"
"2526A","监测站","广元","105.8624","32.4285"
"2527A","石溪浩","遂宁","105.7519","30.5797"
"2528A","市监测站","遂宁","105.68","30.6133"
"2529A","行政中心","遂宁","105.8161","30.6347"
"2530A","美宁食品公司","遂宁","105.5956","30.475"
"2531A","市监测站","内江","105.0331","29.5953"
"2533A","内江二中","内江","105.0653","29.5817"
"2534A","内江日报社","内江","105.0406","29.5822"
"2535A","花湖湾","乐山","103.7705","29.5467"
"2536A","牛耳桥","乐山","103.7627","29.5844"
"2537A","市第三水厂","乐山","103.7506","29.6007"
"2538A","市监测站","乐山","103.757","29.5634"
"2539A","蟆颐观","眉山","103.8986","30.0506"
"2540A","气象局","眉山","103.8416","30.0874"
"2544A","市委","广安","106.6303","30.4576"
"2545A","友谊中学","广安","106.6271","30.4663"
"2547A","广电花园","广安","106.6388","30.4551"
"2548A","达州职业技术学院","达州","107.5272","31.2797"
"2549A","市环境监测站","达州","107.525","31.215"
"2550A","凤凰小区","达州","107.4967","31.2108"
"2551A","达县机关宾馆","达州","107.5069","31.1956"
"2552A","市政中心","达州","107.4611","31.2058"
"2554A","建安厂","雅安","103.0013","29.9899"
"2555A","市政府","雅安","103.0109","29.9834"
"2562A","资阳中学","资阳","104.6356","30.1506"
"2563A","四三一厂","资阳","104.6289","30.1377"
"2564A","师范校","资阳","104.6469","30.1142"
"2568A","马师校","阿坝","102.2402","31.8934"
"2570A","水桥子","甘孜","101.9603","30.0475"
"2571A","青龙寺","凉山","102.3419","27.8094"
"2573A","西昌市政府","凉山","102.2625","27.8978"
"2574A","凉山州政府","凉山","102.2689","27.8847"
"2575A","长安","凉山","102.2311","27.8953"
"2577A","黄土坡","六盘水","104.83","26.5917"
"2578A","水钢","六盘水","104.89","26.5939"
"2579A","民中","六盘水","104.8475","26.5894"
"2580A","双水","六盘水","104.9544","26.5506"
"2585A","铜仁卫校","铜仁地区","109.1916","27.7297"
"2586A","铜仁七中","铜仁地区","109.1794","27.7231"
"2587A","八中","毕节","105.2864","27.3125"
"2588A","师专","毕节","105.31","27.2944"
"2589A","场坝街","黔西南","104.9022","25.0925"
"2590A","坪东大道","黔西南","104.8811","25.0992"
"2591A","市环境监测站","黔西南","107.9783","26.5747"
"2593A","小围寨","黔南","107.5228","26.2403"
"2594A","市环境监测站","保山","99.1678","25.1081"
"2595A","市环保局","保山","99.1711","25.1328"
"2596A","监测站","昭通","103.7032","27.3392"
"2597A","环保局","昭通","103.7225","27.3361"
"2599A","丽江古城","丽江","100.2497","26.8802"
"2600A","市中心","丽江","100.2203","26.8906"
"2601A","市环保局","普洱","100.98","22.7633"
"2602A","普洱第二中学","普洱","100.9817","22.8322"
"2603A","环保局","临沧","100.0869","23.8822"
"2604A","气象局","临沧","100.0782","23.8982"
"2605A","环境监测站","楚雄","101.5482","25.0441"
"2606A","经济开发区","楚雄","101.538","25.0492"
"2608A","污水处理厂","红河","103.3772","23.3993"
"2609A","监测站","红河","103.386","23.4168"
"2610A","水务局","文山","104.2533","23.3594"
"2611A","便民服务中心","文山","104.2319","23.3892"
"2612A","景洪市江南","西双版纳","100.7939","22.0019"
"2614A","大理市环境监测站","大理","100.1542","25.7054"
"2615A","大理古城","大理","100.2171","25.5811"
"2616A","德宏监测站","德宏","98.5842","24.428"
"2618A","监测站","怒江","98.8601","25.8567"
"2619A","泸水一中","怒江","98.8546","25.8417"
"2621A","迪庆站","迪庆","99.7056","27.8317"
"2622A","昌都监测站","昌都","97.1804","31.1278"
"2625A","山南人民医院","山南","91.7706","29.261"
"2626A","日喀则监测站","日喀则","88.8876","29.2718"
"2630A","阿里监测站","阿里地区","80.1161","32.5"
"2632A","林芝监测站","林芝","94.3681","29.6376"
"2635A","市监测站","汉中","107.0154","33.0706"
"2636A","鑫源开发区","汉中","107.0089","33.1138"
"2637A","南郑大河坎水厂","汉中","107.007","33.0323"
"2638A","红石峡森林公园(对照点)","榆林","109.7414","38.3344"
"2639A","世纪广场","榆林","109.7456","38.2911"
"2640A","实验中学","榆林","109.7289","38.2839"
"2641A","环保监测大楼","榆林","109.7336","38.2478"
"2642A","香溪洞","安康","109.0311","32.6778"
"2643A","安康市监测站","安康","109.0281","32.6939"
"2644A","汉滨区检察院","安康","109.0072","32.6975"
"2645A","监测站","商洛","109.9154","33.8715"
"2647A","豫源饭店","白银","104.1731","36.5458"
"2648A","动力公司","白银","104.1731","36.5481"
"2650A","进步巷","天水","105.7281","34.5814"
"2651A","文化馆","天水","105.8614","34.5653"
"2652A","监测站","武威","102.6219","37.9311"
"2654A","监测站","张掖","100.4686","38.9467"
"2655A","科委","张掖","100.4497","38.9389"
"2656A","监测站","平凉","106.6692","35.5461"
"2657A","博物馆","平凉","106.7039","35.5294"
"2658A","仓门街子站","酒泉","98.509","39.746"
"2659A","富康家世界子站","酒泉","98.5023","39.7294"
"2661A","粮贸总公司","庆阳","107.6406","35.5236"
"2662A","市环保局","庆阳","107.6364","35.7067"
"2663A","监测站（原粮食局）","定西","104.6228","35.5714"
"2664A","南峰招待所（原起重机厂）","定西","104.6169","35.5975"
"2667A","环保局","临夏","103.2139","35.6039"
"2668A","州委党校","临夏","103.2064","35.5997"
"2671A","海晏县西海镇","海北","100.9048","36.9639"
"2672A","同仁县隆务镇","黄南","102.0199","35.5102"
"2673A","共和县恰卜恰镇","海南","100.6188","36.2866"
"2674A","玛沁县大武镇","果洛","100.2561","34.4714"
"2675A","玉树县结古镇","玉树","97","33.0014"
"2676A","德令哈市","海西","97.3731","37.3753"
"2677A","教育园区","吴忠","106.1532","37.9648"
"2680A","沙坡头消防站","中卫","105.0197","37.4514"
"2682A","环保局站","中卫","105.1971","37.5002"
"2683A","马园","固原","106.2319","36.1417"
"2684A","监测站","固原","106.2792","36.0022"
"2685A","新区","固原","106.2375","36.0211"
"2687A","地区环保局","吐鲁番地区","89.1673","42.9559"
"2689A","哈密师范学校","哈密地区","93.4961","42.8328"
"2692A","新区政务中心","昌吉","87.2717","44.0297"
"2693A","博乐市西郊区","博州","82.0485","44.9079"
"2694A","市环保局","博州","82.0806","44.8969"
"2695A","电视台","阿克苏地区","80.2828","41.1636"
"2696A","艺术中心","阿克苏地区","80.2956","41.1933"
"2698A","巡警大队","喀什地区","75.9828","39.5371"
"2704A","新政府片区","伊犁哈萨克","81.2867","43.895"
"2705A","第二水厂","伊犁哈萨克","81.3364","43.941"
"2706A","东门外小游园","塔城地区","82.9994","46.7432"
"2708A","市站","阿勒泰地区","88.1267","47.8515"
"2709A","艾青诗歌馆","石河子","86.0497","44.2967"
"2710A","阳光学校","石河子","86.0697","44.3075"
"2711A","农水大厦","五家渠","87.5475","44.1756"
"2835A","四十中小","攀枝花","101.7227","26.567"
"2845A","德盛苑","长治","113.1569","36.1912"
"2846A","体育西","广州","113.3208","23.1323"
"2858A","河西一经路","天津","117.7918","39.2474"
"2859A","津沽路","天津","117.3747","38.9846"
"2860A","宾水西道","天津","117.1589","39.0845"
"2862A","22中南校区","石家庄","114.5480556","38.03777778"
"2865A","榆次三中","晋中","112.7194444","37.68277778"
"2867A","马茂庄小学","吕梁","111.1283333","37.51"
"2868A","九站","吉林","126.4738889","43.95305556"
"2869A","五台山医院","扬州","119.458","32.41361"
"2870A","市疾控中心","镇江","119.4369444","32.18888889"
"2871A","万里国际学校","宁波","121.6147","29.90167"
"2872A","南湖区残联","嘉兴","120.7844444","30.7525"
"2873A","仁皇山新区","湖州","120.0875","30.89556"
"2875A","阜阳职业技术学院","阜阳","115.7838889","32.88922222"
"2877A","坊子邮政","潍坊","119.1638","36.6525"
"2878A","聊大东校","聊城","116.0072","36.4343"
"2880A","大石西路","成都","104.0238889","30.65638889"
"2882A","玉溪一中","玉溪","102.5389","24.3702"
"2883A","文体中心","玉溪","102.5381","24.339"
"2884A","酒钢宾馆","嘉峪关","98.26722222","39.79777778"
"2885A","滨江中学","陇南","104.9338889","33.38256667"
"2897A","沈辽西路","沈阳","123.2444","41.7347"
"2900A","裕农路","沈阳","123.5953","41.9086"
"2902A","北辰小学","广安","106.6351","30.4865"
"2907A","吴兴区站","湖州","120.1844","30.8596"
"2914A","苏山坪","巴中","106.7513889","31.87888889"
"2919A","河北工业大学","廊坊","116.7022","39.5453"
"2920A","蓝田镇","漳州","117.7116","24.506"
"2921A","树下王站","绍兴","120.7789","30.0033"
"2922A","大理道","天津","117.1941","39.1067"
"2924A","水乡路","银川","106.2275","38.44139"
"2925A","上海东路","银川","106.2739","38.4841"
"2929A","红卫路","黄冈","114.8858","30.4519"
"2996A","市供电局","宿迁","118.283","33.965"
"2997A","王营","泰州","119.8767","32.3292"
"3002A","行政中心","常州","119.9736","31.8108"
"3003A","经开区","常州","120.0469","31.7694"
"3005A","鼓楼区政府","徐州","117.1814","34.29"
"3006A","铜山区招生办","徐州","117.1694","34.1781"
"3008A","胡沟管理处","连云港","119.3608","34.7519"
"3009A","矿山设计院","连云港","119.1478","34.5911"
"3010A","钟楼","常州","119.8914","31.7897"
"3012A","西山林语","荆门","112.1908","31.03389"
"3014A","歇台子","重庆","106.4959","29.53675"
"3015A","龙井湾","重庆","106.4042","29.57278"
"3016A","龙洲湾","重庆","106.5506","29.41569"
"3018A","唐尧大酒店","临汾","111.505","36.10139"
"3020A","中山北路","天津","117.2099","39.16969"
"3021A","濮水河管理处","濮阳","115.0061","35.76806"
"3026A","市政府","潮州","116.6183","23.65889"
"3027A","青杠林路","自贡","104.7228","29.33972"
"3028A","檀木林体育馆","自贡","104.7778","29.36028"
"3033A","培训基地","乌鲁木齐","87.4651","43.4569"
"3034A","光明街小学","乌兰察布","113.1076","41.0385"
"3035A","北滨河","兴安盟","122.0931","46.0707"
"3038A","州图书馆","红河","103.3758","23.3682"
"3039A","第一小学","三门峡","111.19","34.7822"
"3045A","商州区中学","商洛","109.9643","33.8471"
"3046A","机电学校","南昌","115.9083","28.6064"
"3048A","九龙","福州","119.58","26.0931"
"3051A","西四道","天津","117.3916","39.1495"
"3054A","市委党校","新乡","113.5922","35.28385"
"3055A","城北区政府","西宁","101.7775","36.6428"
"3057A","牟平检察院","烟台","121.5992","37.4014"
"3058A","银河街","赤峰","119.2654","42.0352"
"3059A","泰兴公司","济南","117.7181","36.2092"
"3061A","国华电力东","呼伦贝尔","119.7512","49.1577"
"3064A","莱芜战役纪念馆","济南","117.6983","36.2211"
"3065A","州环保局","甘孜","101.9533","29.9972"
"3066A","九衢泉纯净水厂","德州","116.2714","37.4372"
"3128A","那曲会议中心","那曲地区","92.0506","31.4797"
"3133A","上清寺","重庆","106.5469","29.565"
"3134A","市一中","许昌","113.8172","34.0339"
